SECTION,STUDENT NAME,GROUP_NO,OBJECT_NAME,OBJECT_ID ,OBJECT_FOLDER,status,
SECTION - 01,Andrew Roth,study group 5,Basketball,OBJ001,images_OBJ001,submitted ,
SECTION - 03,pranathi bombay ,study group 10,water bottle ,OBJ002,images_OBJ002,submitted ,"The object ID should start with ""OBJ"" and be followed by exactly three digits.  
Example: ""OBJ768"""
SECTION - 01,Nikhil Kudupudi,study group  4,NoteBook,OBJ003,images_OBJ003,submitted ,
SECTION - 01,Jaya Raghu Ram Penugonda,study group 4,Toy Car,OBJ004,images_OBJ004,submitted ,"Please note that the object chosen for the project must be unique 
at the object level, not just by color or minor variations."
SECTION - 03,Bingyi Li,study group 5,Computer mouse,OBJ005,images_OBJ005,submitted ,
SECTION - 03,Hongan Zhu,study group 5,Cat,OBJ008,images_OBJ008,submitted ,
SECTION - 03,Weibo Jiang,study group 5,Apple,OBJ007,images_OBJ007,submitted ,"Guys Please Read the Announcement carefully, and Update the Object_ID's accordingly."
SECTION - 01,Reshma Jose,study group 6,Guitar,OBJ022,images_OBJ022,submitted,
SECTION - 03,Loalith Madala,Study Group 7 ,Marshall Speaker,OBJ009,images_OBJ009,Submitted,
SECTION - 03,Rishi Raj Kuleri,Study Group 4,Nike sneakers,OBJ010,images_OBJ010,Submitted,"Follow Sequence of Numbers for Object_ID's while registering it here, so its easier to Navigate."
SECTION - 01,Xiaoxiao Song,Study Group 9,mug,OBJ011,images_OBJ011,-,
SECTION - 01,Santhoshkumar Chandrasekar,Study Group 7 ,Computer Keyboard,OBJ012,images_OBJ012,submitted ,
SECTION - 03,Mohana Durga Venkata Rohit ,study group 3,Mobile phone ,OBJ013,images_OBJ013,Submitted ,
SECTION - 03,Connor Rivera,Study Group 2,Sunglasses,OBJ014,images_OBJ014,submitted,
SECTION - 01,Rohan Prakash Krishna Prakash,Study Group 1,Water Tumbler,OBJ015,images_OBJ015,Submitted,
SECTION - 03,Hanisha Reddy Cattamanchi Gopinath,Study Group 3,Orange,OBJ029,images_OBJ029,submitted,
SECTION - 03,Suhaas Veeramachaneni ,Study Group 3,Controller,OBJ017,images_OBJ017,submitted,
SECTION - 03,Sai Pranav Krovvidi,Study Group 3,Rubiks cube,OBJ018,images_OBJ018,Submitted,
SECTION - 01,Sree Ramya Pasala,Study Group 1,Plant,OBJ019,images_OBJ019,submitted,
SECTION - 01,Anshuman Singh,Study Group 1,Airpod,OBJ020,images_OBJ020,submitted,
SECTION - 01,Sri Lakshmi Swetha Jalluri,Study Group 4,Toy Bunny,OBJ021,images_OBJ021,submitted,
SECTION - 03,Sakshi Pawar,Study Group 1,Watch,OBJ025,images_OBJ025,submitted,
SECTION - 03,Aditi Vivek Kulkarni,Study Group 1,Bracelet ,OBJ023,images_OBJ023,submitted,
SECTION - 01,Jairaghavendra Sridhar,Study Group 6,Headphones,OBJ062,images_OBJ062,submitted,
SECTION - 03,Jie Xu,study Group 5,Capybara Toy,OBJ006,images_OBJ006,Submitted,
SECTION - 03,Thavishka Gamage,Study Group 2,Red Sox Cap,OBJ026,images_OBJ026,Submitted,
SECTION - 01,Varun Ponugoti,Study group 10,Tennis ball,OBJ027,images_OBJ027,submitted,
SECTION - 03,Kenneth Li,Study group 6,banana,OBJ028,images_OBJ028,submitted ,
SECTION - 03,Yagna Praneeth Reddy Panguru,Study Group 7 ,Pickleball bat,OBJ049,images_OBJ049,submitted ,
SECTION - 01,Mugdha Mishra,Study Group 5,Tennis racket ,OBJ030,images_OBJ030,submitted,
SECTION - 01,Sneha Mishra,Study Group 9,UNO card box,OBJ031,images_OBJ031,submitted,
SECTION - 01,Tanatswa Manzini,Study Group 8,Sound Card,OBJ032,images_OBJ032,submitted,
SECTION - 01,Che-Wei Lee,Study Group 9,Table Tennis Racket,OBJ034,images_OBJ034,submitted ,
SECTION - 01,Ching-Chieh Lin,Study Group 9,Badminton racket,OBJ035,images_OBJ035,submitted ,
SECTION - 01,Yi-Fan Liu,Study Group 2,Pencil case,OBJ036,images_OBJ036,submitted ,
SECTION - 01,Praniti Kale,Study Group 7 ,Candle,OBJ037,images_OBJ037,submitted,
SECTION - 01,Hiral Rana,Study Group 2,Perfume bottle,OBJ038,images_OBJ038,submitted,
SECTION - 01,Anika Mamidwar,Study Group 3,Scissors,OBJ039,images_OBJ039,submitted,
SECTION - 01,Vidhi Patel,Study Group 3,Clutcher,OBJ040,images_OBJ040,submitted,
SECTION - 01,Tanmayi Shurpali,Study Group 7 ,Table fan,OBJ041,images_OBJ041,submitted,
SECTION - 01,Annapurna Viswas Mandalika,Study Group 3,Mouth guard case,OBJ042,images_OBJ042,submitted,
SECTION - 01,Aryan Patil,Study Group 5,Swimming Goggels,OBJ043,images_OBJ043,submitted,
SECTION - 03,Giastina Morano,Study Group 4,Anime Figurine,OBJ044,images_OBJ044,submitted,
SECTION - 01,Mukul Sridar Haladhi,Study Group 7 ,iWatch,OBJ046,images_OBJ046,submitted,
SECTION - 03,Varaalakshime Vigneswara Pandiarajan,Study Group 10,Sandisk Portable SSD,OBJ016,images_OBJ016,submitted,
SECTION - 01,Sai Tanoj Salehundam,Study Group 8,Wayfarer Sunglasses,OBJ045,images_OBJ045,submitted,
SECTION - 03,Nikhil Bharadwaj Yellapragada,Study Group 10,Backpack,OBJ047,images_OBJ047,submitted,
SECTION - 01,Kush Pulindra Patel,Study Group 10,Wireless powerbank,OBJ048,images_OBJ048,submitted,
SECTION - 03,Bingyan Zhu,Study group 6,Plush doll,OBJ024,images_OBJ024,submitted,
SECTION - 03,Vaishnavi Gajarla,Study Group 10,Hairbrush,OBJ050,images_OBJ050,Submitted,
SECTION - 03,Ruoxi Chen,Study group 6,tissue,OBJ051,images_OBJ051,submitted,
SECTION - 01,Ramgopal Reddy Alumalla,Study group 5,Spoon,OBJ052,images_OBJ052,submitted,
SECTION - 03,Aaditya Krishna,Study Group 9,Moisturizer,OBJ053,images_OBJ053,submitted,
SECTION - 01,Pooja Patil,Study Group 2,Purse,OBJ054,images_OBJ054,submitted,
SECTION - 01,Vignesh Radhakrishnan Nambiar,Study Group 10,Scientific Calculator,OBJ055,images_OBJ055,submitted,
SECTION - 01,Raymond Wang,Study Group 8,Power Bank,OBJ057,images_OBJ057,submitted,
SECTION - 03,Hemanth Mareedu,Study Group 1,Footstool,OBJ058,images_OBJ058,Submitted,
SECTION - 03,Sankalp Prakash Shinde,Study Group 8,Comb,OBJ059,images_OBJ059,Submitted,
SECTION - 01,Kevin Fei,Study Group 3,Sleep Mask,OBJ060,images_OBJ060,submitted,
SECTION - 03,Pooja Mishra,Study group 8,Card wallet,OBJ061,images_OBJ061,submitted,
SECTION - 03,Aditya Sai Kumar Kusetti,Study Group 1,Duck,OBJ033,images_OBJ033,submitted,
SECTION - 01,Rajiv Praveen,Study Group 8,Measuring Bottle,OBJ063,images_OBJ063,submitted,
SECTION - 01,Sankalp Hegde,Study Group 6,RGB Projector,OBJ064,images_OBJ064,submitted,
SECTION - 01,Hemanth Rajaboyina,Study Group 4,Analog watch,OBJ065,images_OBJ065,submitted,
SECTION - 01,WenHsin Su,Study Group 2,hair oil,OBJ066,images_OBJ066,submitted,
SECTION - 03,Mihir Harishankar Parab,Study Group 2,Men's Wallet,OBJ067,images_OBJ067,submitted,
SECTION - 03,Dhruv Alpeshbhai Patel,Study Group 2,Neck Pillow,OBJ068,images_OBJ068,Submitted,
SECTION - 03,Gaurang Kiran Patil,Study Group 8,knife,OBJ069,images_OBJ069,Submitted,
SECTION - 03,Pratham Shah,Study Group 9,Astronaut projector,OBJ070,images_OBJ070,Submitted,
SECTION - 03,Sanjana Menon,Study Group 9,Sloth Plushie ,OBJ071,images_OBJ071,Submitted,
SECTION - 03,Gokul Chandar Kumaran,Study Group 7 ,Dog,OBJ072,images_OBJ072,Submitted,
SECTION - 01,Sathyasai Rajan,Study Group 10 ,Bowl,OBJ073,images_OBJ073,Submitted,
SECTION - 03, Sujita Godishala, study group 4,Trader Joe's Bag,OBJ056,images_OBJ056,Submitted,