name,params,epochs_run,best_epoch,train_acc,val_acc,val_loss,minutes,config
cnn_baseline,102794,60,54,0.4828,0.4926,2.3405,8.6,"{""blocks"": 3, ""filters"": 32, ""convs_per_block"": 1, ""dense_units"": 0, ""batchnorm"": false, ""bn_momentum"": 0.99, ""dropout"": 0.3, ""augment"": true, ""optimizer"": ""adam"", ""lr"": 0.001, ""epochs"": 60, ""patience"": 10, ""log"": true, ""name"": ""cnn_baseline""}"
cnn_2blocks,24202,60,56,0.2548,0.2671,3.1003,7.0,"{""blocks"": 2, ""filters"": 32, ""convs_per_block"": 1, ""dense_units"": 0, ""batchnorm"": false, ""bn_momentum"": 0.99, ""dropout"": 0.3, ""augment"": true, ""optimizer"": ""adam"", ""lr"": 0.001, ""epochs"": 60, ""patience"": 10, ""log"": true, ""name"": ""cnn_2blocks""}"
cnn_4blocks,407434,51,41,0.7315,0.6331,1.7447,8.1,"{""blocks"": 4, ""filters"": 32, ""convs_per_block"": 1, ""dense_units"": 0, ""batchnorm"": false, ""bn_momentum"": 0.99, ""dropout"": 0.3, ""augment"": true, ""optimizer"": ""adam"", ""lr"": 0.001, ""epochs"": 60, ""patience"": 10, ""log"": true, ""name"": ""cnn_4blocks""}"
cnn_2conv,296554,60,58,0.5922,0.5403,1.9911,21.6,"{""blocks"": 3, ""filters"": 32, ""convs_per_block"": 2, ""dense_units"": 0, ""batchnorm"": false, ""bn_momentum"": 0.99, ""dropout"": 0.3, ""augment"": true, ""optimizer"": ""adam"", ""lr"": 0.001, ""epochs"": 60, ""patience"": 10, ""log"": true, ""name"": ""cnn_2conv""}"
cnn_dense256,145290,46,36,0.5914,0.5074,2.2064,6.6,"{""blocks"": 3, ""filters"": 32, ""convs_per_block"": 1, ""dense_units"": 256, ""batchnorm"": false, ""bn_momentum"": 0.99, ""dropout"": 0.3, ""augment"": true, ""optimizer"": ""adam"", ""lr"": 0.001, ""epochs"": 60, ""patience"": 10, ""log"": true, ""name"": ""cnn_dense256""}"
cnn_bn,103466,54,44,0.4609,0.4224,2.5255,17.2,"{""blocks"": 3, ""filters"": 32, ""convs_per_block"": 1, ""dense_units"": 0, ""batchnorm"": true, ""bn_momentum"": 0.99, ""dropout"": 0.3, ""augment"": true, ""optimizer"": ""adam"", ""lr"": 0.001, ""epochs"": 60, ""patience"": 10, ""log"": true, ""name"": ""cnn_bn""}"
cnn_dropout0.5,102794,50,40,0.3698,0.3842,2.6264,7.1,"{""blocks"": 3, ""filters"": 32, ""convs_per_block"": 1, ""dense_units"": 0, ""batchnorm"": false, ""bn_momentum"": 0.99, ""dropout"": 0.5, ""augment"": true, ""optimizer"": ""adam"", ""lr"": 0.001, ""epochs"": 60, ""patience"": 10, ""log"": true, ""name"": ""cnn_dropout0.5""}"
cnn_no_aug,102794,60,59,0.5691,0.5533,2.179,10.0,"{""blocks"": 3, ""filters"": 32, ""convs_per_block"": 1, ""dense_units"": 0, ""batchnorm"": false, ""bn_momentum"": 0.99, ""dropout"": 0.3, ""augment"": false, ""optimizer"": ""adam"", ""lr"": 0.001, ""epochs"": 60, ""patience"": 10, ""log"": true, ""name"": ""cnn_no_aug""}"
cnn_sgd,102794,60,60,0.3839,0.3894,2.5208,8.4,"{""blocks"": 3, ""filters"": 32, ""convs_per_block"": 1, ""dense_units"": 0, ""batchnorm"": false, ""bn_momentum"": 0.99, ""dropout"": 0.3, ""augment"": true, ""optimizer"": ""sgd"", ""lr"": 0.01, ""epochs"": 60, ""patience"": 10, ""log"": true, ""name"": ""cnn_sgd""}"
cnn_rmsprop,102794,37,27,0.3121,0.281,3.0883,5.2,"{""blocks"": 3, ""filters"": 32, ""convs_per_block"": 1, ""dense_units"": 0, ""batchnorm"": false, ""bn_momentum"": 0.99, ""dropout"": 0.3, ""augment"": true, ""optimizer"": ""rmsprop"", ""lr"": 0.001, ""epochs"": 60, ""patience"": 10, ""log"": true, ""name"": ""cnn_rmsprop""}"
cnn_bn_m0.9,103466,27,17,0.3439,0.2758,3.0815,8.6,"{""blocks"": 3, ""filters"": 32, ""convs_per_block"": 1, ""dense_units"": 0, ""batchnorm"": true, ""bn_momentum"": 0.9, ""dropout"": 0.3, ""augment"": true, ""optimizer"": ""adam"", ""lr"": 0.001, ""epochs"": 60, ""patience"": 10, ""log"": true, ""name"": ""cnn_bn_m0.9""}"
cnn_combo,1257066,25,10,0.0107,0.013,4.3036,9.9,"{""blocks"": 4, ""filters"": 32, ""convs_per_block"": 2, ""dense_units"": 256, ""batchnorm"": false, ""bn_momentum"": 0.99, ""dropout"": 0.3, ""augment"": true, ""optimizer"": ""adam"", ""lr"": 0.001, ""epochs"": 100, ""patience"": 15, ""log"": true, ""name"": ""cnn_combo""}"
cnn_combo_noaug,1257066,16,1,0.0097,0.013,4.3039,7.7,"{""blocks"": 4, ""filters"": 32, ""convs_per_block"": 2, ""dense_units"": 256, ""batchnorm"": false, ""bn_momentum"": 0.99, ""dropout"": 0.3, ""augment"": false, ""optimizer"": ""adam"", ""lr"": 0.001, ""epochs"": 100, ""patience"": 15, ""log"": true, ""name"": ""cnn_combo_noaug""}"
cnn_combo_bn,1259946,66,51,0.7979,0.5924,1.9259,52.8,"{""blocks"": 4, ""filters"": 32, ""convs_per_block"": 2, ""dense_units"": 256, ""batchnorm"": true, ""bn_momentum"": 0.9, ""dropout"": 0.3, ""augment"": true, ""optimizer"": ""adam"", ""lr"": 0.001, ""epochs"": 100, ""patience"": 15, ""log"": true, ""name"": ""cnn_combo_bn""}"
